NumOfTransactions,3WorkersCitus,3WorkersYugabyte
20000,1123.76647,721.554942
40000,1292.367022,673.281852
60000,1226.427627,692.448094
80000,1262.852723,688.156125
100000,1310.095712,675.655748