NumOfTransactions,5 WorkersCitus,5 WorkersYugabyte
20٬000,1044.192579,469.197094
40٬000,1165.796793,520.186345
60٬000,1182.77662,552.517614
80٬000,1206.697272,553.977984
100٬000,1203.784921,534.332204