NumOfTransactions,7 WorkersCitus,7 WorkersYugabyte
20000,958.088009,445.251131
40000,1077.533753,479.992485
60000,1094.664666,486.10287
80000,1028.940495,478.171647
100000,1015.98403,480.59383